"TIME","PARTNER","UNIT","PURPOSE","DURATION","GEO","Value","Flag and Footnotes"
"2010","Europe","Number","Total","1 night or over","Croatia",":",""
"2010","Europe","Number","Total","1 night or over","Slovenia",":",""
"2010","Europe","Number","Total","From 1 to 3 nights","Croatia",":",""
"2010","Europe","Number","Total","From 1 to 3 nights","Slovenia",":",""
"2010","Europe","Number","Total","4 nights or over","Croatia",":",""
"2010","Europe","Number","Total","4 nights or over","Slovenia",":",""
"2010","Europe","Number","Personal reasons","1 night or over","Croatia",":",""
"2010","Europe","Number","Personal reasons","1 night or over","Slovenia",":",""
"2010","Europe","Number","Personal reasons","From 1 to 3 nights","Croatia",":",""
"2010","Europe","Number","Personal reasons","From 1 to 3 nights","Slovenia",":",""
"2010","Europe","Number","Personal reasons","4 nights or over","Croatia",":",""
"2010","Europe","Number","Personal reasons","4 nights or over","Slovenia",":",""
"2010","Europe","Number","Professional, business","1 night or over","Croatia",":",""
"2010","Europe","Number","Professional, business","1 night or over","Slovenia",":",""
"2010","Europe","Number","Professional, business","From 1 to 3 nights","Croatia",":",""
"2010","Europe","Number","Professional, business","From 1 to 3 nights","Slovenia",":",""
"2010","Europe","Number","Professional, business","4 nights or over","Croatia",":",""
"2010","Europe","Number","Professional, business","4 nights or over","Slovenia",":",""
"2010","Germany (until 1990 former territory of the FRG)","Number","Total","1 night or over","Croatia","258,212",""
"2010","Germany (until 1990 former territory of the FRG)","Number","Total","1 night or over","Slovenia","127,000",""
"2010","Germany (until 1990 former territory of the FRG)","Number","Total","From 1 to 3 nights","Croatia",":",""
"2010","Germany (until 1990 former territory of the FRG)","Number","Total","From 1 to 3 nights","Slovenia",":",""
"2010","Germany (until 1990 former territory of the FRG)","Number","Total","4 nights or over","Croatia",":",""
"2010","Germany (until 1990 former territory of the FRG)","Number","Total","4 nights or over","Slovenia",":",""
"2010","Germany (until 1990 former territory of the FRG)","Number","Personal reasons","1 night or over","Croatia","221,609",""
"2010","Germany (until 1990 former territory of the FRG)","Number","Personal reasons","1 night or over","Slovenia","37,000",""
"2010","Germany (until 1990 former territory of the FRG)","Number","Personal reasons","From 1 to 3 nights","Croatia","42,438",""
"2010","Germany (until 1990 former territory of the FRG)","Number","Personal reasons","From 1 to 3 nights","Slovenia","23,000",""
"2010","Germany (until 1990 former territory of the FRG)","Number","Personal reasons","4 nights or over","Croatia","179,171",""
"2010","Germany (until 1990 former territory of the FRG)","Number","Personal reasons","4 nights or over","Slovenia",":","u"
"2010","Germany (until 1990 former territory of the FRG)","Number","Professional, business","1 night or over","Croatia","36,603",""
"2010","Germany (until 1990 former territory of the FRG)","Number","Professional, business","1 night or over","Slovenia","90,000",""
"2010","Germany (until 1990 former territory of the FRG)","Number","Professional, business","From 1 to 3 nights","Croatia",":",""
"2010","Germany (until 1990 former territory of the FRG)","Number","Professional, business","From 1 to 3 nights","Slovenia",":",""
"2010","Germany (until 1990 former territory of the FRG)","Number","Professional, business","4 nights or over","Croatia",":",""
"2010","Germany (until 1990 former territory of the FRG)","Number","Professional, business","4 nights or over","Slovenia",":",""
"2010","Croatia","Number","Total","1 night or over","Croatia",":",""
"2010","Croatia","Number","Total","1 night or over","Slovenia",":",""
"2010","Croatia","Number","Total","From 1 to 3 nights","Croatia",":",""
"2010","Croatia","Number","Total","From 1 to 3 nights","Slovenia",":",""
"2010","Croatia","Number","Total","4 nights or over","Croatia",":",""
"2010","Croatia","Number","Total","4 nights or over","Slovenia",":",""
"2010","Croatia","Number","Personal reasons","1 night or over","Croatia",":",""
"2010","Croatia","Number","Personal reasons","1 night or over","Slovenia",":",""
"2010","Croatia","Number","Personal reasons","From 1 to 3 nights","Croatia",":",""
"2010","Croatia","Number","Personal reasons","From 1 to 3 nights","Slovenia",":",""
"2010","Croatia","Number","Personal reasons","4 nights or over","Croatia",":",""
"2010","Croatia","Number","Personal reasons","4 nights or over","Slovenia",":",""
"2010","Croatia","Number","Professional, business","1 night or over","Croatia",":",""
"2010","Croatia","Number","Professional, business","1 night or over","Slovenia",":",""
"2010","Croatia","Number","Professional, business","From 1 to 3 nights","Croatia",":",""
"2010","Croatia","Number","Professional, business","From 1 to 3 nights","Slovenia",":",""
"2010","Croatia","Number","Professional, business","4 nights or over","Croatia",":",""
"2010","Croatia","Number","Professional, business","4 nights or over","Slovenia",":",""
"2010","Italy","Number","Total","1 night or over","Croatia","172,947",""
"2010","Italy","Number","Total","1 night or over","Slovenia","195,000",""
"2010","Italy","Number","Total","From 1 to 3 nights","Croatia",":",""
"2010","Italy","Number","Total","From 1 to 3 nights","Slovenia",":",""
"2010","Italy","Number","Total","4 nights or over","Croatia",":",""
"2010","Italy","Number","Total","4 nights or over","Slovenia",":",""
"2010","Italy","Number","Personal reasons","1 night or over","Croatia","143,997",""
"2010","Italy","Number","Personal reasons","1 night or over","Slovenia","144,000",""
"2010","Italy","Number","Personal reasons","From 1 to 3 nights","Croatia","66,202",""
"2010","Italy","Number","Personal reasons","From 1 to 3 nights","Slovenia","88,000",""
"2010","Italy","Number","Personal reasons","4 nights or over","Croatia","77,795",""
"2010","Italy","Number","Personal reasons","4 nights or over","Slovenia","56,000",""
"2010","Italy","Number","Professional, business","1 night or over","Croatia","28,950",""
"2010","Italy","Number","Professional, business","1 night or over","Slovenia","51,000",""
"2010","Italy","Number","Professional, business","From 1 to 3 nights","Croatia",":",""
"2010","Italy","Number","Professional, business","From 1 to 3 nights","Slovenia",":",""
"2010","Italy","Number","Professional, business","4 nights or over","Croatia",":",""
"2010","Italy","Number","Professional, business","4 nights or over","Slovenia",":",""
"2010","Slovenia","Number","Total","1 night or over","Croatia","148,668",""
"2010","Slovenia","Number","Total","1 night or over","Slovenia",":",""
"2010","Slovenia","Number","Total","From 1 to 3 nights","Croatia",":",""
"2010","Slovenia","Number","Total","From 1 to 3 nights","Slovenia",":",""
"2010","Slovenia","Number","Total","4 nights or over","Croatia",":",""
"2010","Slovenia","Number","Total","4 nights or over","Slovenia",":",""
"2010","Slovenia","Number","Personal reasons","1 night or over","Croatia","139,810",""
"2010","Slovenia","Number","Personal reasons","1 night or over","Slovenia",":",""
"2010","Slovenia","Number","Personal reasons","From 1 to 3 nights","Croatia","88,527",""
"2010","Slovenia","Number","Personal reasons","From 1 to 3 nights","Slovenia",":",""
"2010","Slovenia","Number","Personal reasons","4 nights or over","Croatia","51,283",""
"2010","Slovenia","Number","Personal reasons","4 nights or over","Slovenia",":",""
"2010","Slovenia","Number","Professional, business","1 night or over","Croatia","8,858",""
"2010","Slovenia","Number","Professional, business","1 night or over","Slovenia",":",""
"2010","Slovenia","Number","Professional, business","From 1 to 3 nights","Croatia",":",""
"2010","Slovenia","Number","Professional, business","From 1 to 3 nights","Slovenia",":",""
"2010","Slovenia","Number","Professional, business","4 nights or over","Croatia",":",""
"2010","Slovenia","Number","Professional, business","4 nights or over","Slovenia",":",""
"2010","All countries of the world","Number","Total","1 night or over","Croatia",":",""
"2010","All countries of the world","Number","Total","1 night or over","Slovenia",":",""
"2010","All countries of the world","Number","Total","From 1 to 3 nights","Croatia",":",""
"2010","All countries of the world","Number","Total","From 1 to 3 nights","Slovenia",":",""
"2010","All countries of the world","Number","Total","4 nights or over","Croatia",":",""
"2010","All countries of the world","Number","Total","4 nights or over","Slovenia",":",""
"2010","All countries of the world","Number","Personal reasons","1 night or over","Croatia",":",""
"2010","All countries of the world","Number","Personal reasons","1 night or over","Slovenia",":",""
"2010","All countries of the world","Number","Personal reasons","From 1 to 3 nights","Croatia",":",""
"2010","All countries of the world","Number","Personal reasons","From 1 to 3 nights","Slovenia",":",""
"2010","All countries of the world","Number","Personal reasons","4 nights or over","Croatia","3,509,254",""
"2010","All countries of the world","Number","Personal reasons","4 nights or over","Slovenia","1,677,000",""
"2010","All countries of the world","Number","Professional, business","1 night or over","Croatia",":",""
"2010","All countries of the world","Number","Professional, business","1 night or over","Slovenia",":",""
"2010","All countries of the world","Number","Professional, business","From 1 to 3 nights","Croatia",":",""
"2010","All countries of the world","Number","Professional, business","From 1 to 3 nights","Slovenia",":",""
"2010","All countries of the world","Number","Professional, business","4 nights or over","Croatia",":",""
"2010","All countries of the world","Number","Professional, business","4 nights or over","Slovenia",":",""
"2011","Europe","Number","Total","1 night or over","Croatia",":",""
"2011","Europe","Number","Total","1 night or over","Slovenia",":",""
"2011","Europe","Number","Total","From 1 to 3 nights","Croatia",":",""
"2011","Europe","Number","Total","From 1 to 3 nights","Slovenia",":",""
"2011","Europe","Number","Total","4 nights or over","Croatia",":",""
"2011","Europe","Number","Total","4 nights or over","Slovenia",":",""
"2011","Europe","Number","Personal reasons","1 night or over","Croatia",":",""
"2011","Europe","Number","Personal reasons","1 night or over","Slovenia",":",""
"2011","Europe","Number","Personal reasons","From 1 to 3 nights","Croatia",":",""
"2011","Europe","Number","Personal reasons","From 1 to 3 nights","Slovenia",":",""
"2011","Europe","Number","Personal reasons","4 nights or over","Croatia",":",""
"2011","Europe","Number","Personal reasons","4 nights or over","Slovenia",":",""
"2011","Europe","Number","Professional, business","1 night or over","Croatia",":",""
"2011","Europe","Number","Professional, business","1 night or over","Slovenia",":",""
"2011","Europe","Number","Professional, business","From 1 to 3 nights","Croatia",":",""
"2011","Europe","Number","Professional, business","From 1 to 3 nights","Slovenia",":",""
"2011","Europe","Number","Professional, business","4 nights or over","Croatia",":",""
"2011","Europe","Number","Professional, business","4 nights or over","Slovenia",":",""
"2011","Germany (until 1990 former territory of the FRG)","Number","Total","1 night or over","Croatia","279,343",""
"2011","Germany (until 1990 former territory of the FRG)","Number","Total","1 night or over","Slovenia","114,000",""
"2011","Germany (until 1990 former territory of the FRG)","Number","Total","From 1 to 3 nights","Croatia",":",""
"2011","Germany (until 1990 former territory of the FRG)","Number","Total","From 1 to 3 nights","Slovenia",":",""
"2011","Germany (until 1990 former territory of the FRG)","Number","Total","4 nights or over","Croatia",":",""
"2011","Germany (until 1990 former territory of the FRG)","Number","Total","4 nights or over","Slovenia",":",""
"2011","Germany (until 1990 former territory of the FRG)","Number","Personal reasons","1 night or over","Croatia","184,487",""
"2011","Germany (until 1990 former territory of the FRG)","Number","Personal reasons","1 night or over","Slovenia","58,000",""
"2011","Germany (until 1990 former territory of the FRG)","Number","Personal reasons","From 1 to 3 nights","Croatia","60,886",""
"2011","Germany (until 1990 former territory of the FRG)","Number","Personal reasons","From 1 to 3 nights","Slovenia","38,000",""
"2011","Germany (until 1990 former territory of the FRG)","Number","Personal reasons","4 nights or over","Croatia","123,601",""
"2011","Germany (until 1990 former territory of the FRG)","Number","Personal reasons","4 nights or over","Slovenia","20,000",""
"2011","Germany (until 1990 former territory of the FRG)","Number","Professional, business","1 night or over","Croatia","94,856",""
"2011","Germany (until 1990 former territory of the FRG)","Number","Professional, business","1 night or over","Slovenia","56,000",""
"2011","Germany (until 1990 former territory of the FRG)","Number","Professional, business","From 1 to 3 nights","Croatia",":",""
"2011","Germany (until 1990 former territory of the FRG)","Number","Professional, business","From 1 to 3 nights","Slovenia",":",""
"2011","Germany (until 1990 former territory of the FRG)","Number","Professional, business","4 nights or over","Croatia",":",""
"2011","Germany (until 1990 former territory of the FRG)","Number","Professional, business","4 nights or over","Slovenia",":",""
"2011","Croatia","Number","Total","1 night or over","Croatia",":",""
"2011","Croatia","Number","Total","1 night or over","Slovenia",":",""
"2011","Croatia","Number","Total","From 1 to 3 nights","Croatia",":",""
"2011","Croatia","Number","Total","From 1 to 3 nights","Slovenia",":",""
"2011","Croatia","Number","Total","4 nights or over","Croatia",":",""
"2011","Croatia","Number","Total","4 nights or over","Slovenia",":",""
"2011","Croatia","Number","Personal reasons","1 night or over","Croatia",":",""
"2011","Croatia","Number","Personal reasons","1 night or over","Slovenia",":",""
"2011","Croatia","Number","Personal reasons","From 1 to 3 nights","Croatia",":",""
"2011","Croatia","Number","Personal reasons","From 1 to 3 nights","Slovenia",":",""
"2011","Croatia","Number","Personal reasons","4 nights or over","Croatia",":",""
"2011","Croatia","Number","Personal reasons","4 nights or over","Slovenia",":",""
"2011","Croatia","Number","Professional, business","1 night or over","Croatia",":",""
"2011","Croatia","Number","Professional, business","1 night or over","Slovenia",":",""
"2011","Croatia","Number","Professional, business","From 1 to 3 nights","Croatia",":",""
"2011","Croatia","Number","Professional, business","From 1 to 3 nights","Slovenia",":",""
"2011","Croatia","Number","Professional, business","4 nights or over","Croatia",":",""
"2011","Croatia","Number","Professional, business","4 nights or over","Slovenia",":",""
"2011","Italy","Number","Total","1 night or over","Croatia","282,557",""
"2011","Italy","Number","Total","1 night or over","Slovenia","158,000",""
"2011","Italy","Number","Total","From 1 to 3 nights","Croatia",":",""
"2011","Italy","Number","Total","From 1 to 3 nights","Slovenia",":",""
"2011","Italy","Number","Total","4 nights or over","Croatia",":",""
"2011","Italy","Number","Total","4 nights or over","Slovenia",":",""
"2011","Italy","Number","Personal reasons","1 night or over","Croatia","181,553",""
"2011","Italy","Number","Personal reasons","1 night or over","Slovenia","122,000",""
"2011","Italy","Number","Personal reasons","From 1 to 3 nights","Croatia","94,285",""
"2011","Italy","Number","Personal reasons","From 1 to 3 nights","Slovenia","51,000",""
"2011","Italy","Number","Personal reasons","4 nights or over","Croatia","87,268",""
"2011","Italy","Number","Personal reasons","4 nights or over","Slovenia","71,000",""
"2011","Italy","Number","Professional, business","1 night or over","Croatia","101,004",""
"2011","Italy","Number","Professional, business","1 night or over","Slovenia","36,000",""
"2011","Italy","Number","Professional, business","From 1 to 3 nights","Croatia",":",""
"2011","Italy","Number","Professional, business","From 1 to 3 nights","Slovenia",":",""
"2011","Italy","Number","Professional, business","4 nights or over","Croatia",":",""
"2011","Italy","Number","Professional, business","4 nights or over","Slovenia",":",""
"2011","Slovenia","Number","Total","1 night or over","Croatia","312,494",""
"2011","Slovenia","Number","Total","1 night or over","Slovenia",":",""
"2011","Slovenia","Number","Total","From 1 to 3 nights","Croatia",":",""
"2011","Slovenia","Number","Total","From 1 to 3 nights","Slovenia",":",""
"2011","Slovenia","Number","Total","4 nights or over","Croatia",":",""
"2011","Slovenia","Number","Total","4 nights or over","Slovenia",":",""
"2011","Slovenia","Number","Personal reasons","1 night or over","Croatia","212,660",""
"2011","Slovenia","Number","Personal reasons","1 night or over","Slovenia",":",""
"2011","Slovenia","Number","Personal reasons","From 1 to 3 nights","Croatia","147,626",""
"2011","Slovenia","Number","Personal reasons","From 1 to 3 nights","Slovenia",":",""
"2011","Slovenia","Number","Personal reasons","4 nights or over","Croatia","65,034",""
"2011","Slovenia","Number","Personal reasons","4 nights or over","Slovenia",":",""
"2011","Slovenia","Number","Professional, business","1 night or over","Croatia","99,834",""
"2011","Slovenia","Number","Professional, business","1 night or over","Slovenia",":",""
"2011","Slovenia","Number","Professional, business","From 1 to 3 nights","Croatia",":",""
"2011","Slovenia","Number","Professional, business","From 1 to 3 nights","Slovenia",":",""
"2011","Slovenia","Number","Professional, business","4 nights or over","Croatia",":",""
"2011","Slovenia","Number","Professional, business","4 nights or over","Slovenia",":",""
"2011","All countries of the world","Number","Total","1 night or over","Croatia",":",""
"2011","All countries of the world","Number","Total","1 night or over","Slovenia",":",""
"2011","All countries of the world","Number","Total","From 1 to 3 nights","Croatia",":",""
"2011","All countries of the world","Number","Total","From 1 to 3 nights","Slovenia",":",""
"2011","All countries of the world","Number","Total","4 nights or over","Croatia",":",""
"2011","All countries of the world","Number","Total","4 nights or over","Slovenia",":",""
"2011","All countries of the world","Number","Personal reasons","1 night or over","Croatia",":",""
"2011","All countries of the world","Number","Personal reasons","1 night or over","Slovenia",":",""
"2011","All countries of the world","Number","Personal reasons","From 1 to 3 nights","Croatia",":",""
"2011","All countries of the world","Number","Personal reasons","From 1 to 3 nights","Slovenia",":",""
"2011","All countries of the world","Number","Personal reasons","4 nights or over","Croatia","3,180,916",""
"2011","All countries of the world","Number","Personal reasons","4 nights or over","Slovenia","1,790,000",""
"2011","All countries of the world","Number","Professional, business","1 night or over","Croatia",":",""
"2011","All countries of the world","Number","Professional, business","1 night or over","Slovenia",":",""
"2011","All countries of the world","Number","Professional, business","From 1 to 3 nights","Croatia",":",""
"2011","All countries of the world","Number","Professional, business","From 1 to 3 nights","Slovenia",":",""
"2011","All countries of the world","Number","Professional, business","4 nights or over","Croatia",":",""
"2011","All countries of the world","Number","Professional, business","4 nights or over","Slovenia",":",""
"2012","Europe","Number","Total","1 night or over","Croatia","8,631,570",""
"2012","Europe","Number","Total","1 night or over","Slovenia","4,473,269",""
"2012","Europe","Number","Total","From 1 to 3 nights","Croatia","5,127,948",""
"2012","Europe","Number","Total","From 1 to 3 nights","Slovenia","2,830,942",""
"2012","Europe","Number","Total","4 nights or over","Croatia","3,503,623",""
"2012","Europe","Number","Total","4 nights or over","Slovenia","1,642,327",""
"2012","Europe","Number","Personal reasons","1 night or over","Croatia","7,205,181",""
"2012","Europe","Number","Personal reasons","1 night or over","Slovenia","3,995,026",""
"2012","Europe","Number","Personal reasons","From 1 to 3 nights","Croatia","4,080,349",""
"2012","Europe","Number","Personal reasons","From 1 to 3 nights","Slovenia","2,490,441",""
"2012","Europe","Number","Personal reasons","4 nights or over","Croatia","3,124,832",""
"2012","Europe","Number","Personal reasons","4 nights or over","Slovenia","1,504,585",""
"2012","Europe","Number","Professional, business","1 night or over","Croatia","1,426,389",""
"2012","Europe","Number","Professional, business","1 night or over","Slovenia","478,242",""
"2012","Europe","Number","Professional, business","From 1 to 3 nights","Croatia","1,047,599",""
"2012","Europe","Number","Professional, business","From 1 to 3 nights","Slovenia","340,500",""
"2012","Europe","Number","Professional, business","4 nights or over","Croatia","378,790",""
"2012","Europe","Number","Professional, business","4 nights or over","Slovenia","137,742",""
"2012","Germany (until 1990 former territory of the FRG)","Number","Total","1 night or over","Croatia","291,852",""
"2012","Germany (until 1990 former territory of the FRG)","Number","Total","1 night or over","Slovenia","121,118",""
"2012","Germany (until 1990 former territory of the FRG)","Number","Total","From 1 to 3 nights","Croatia","119,043","u"
"2012","Germany (until 1990 former territory of the FRG)","Number","Total","From 1 to 3 nights","Slovenia","83,565",""
"2012","Germany (until 1990 former territory of the FRG)","Number","Total","4 nights or over","Croatia","172,809",""
"2012","Germany (until 1990 former territory of the FRG)","Number","Total","4 nights or over","Slovenia","37,553","u"
"2012","Germany (until 1990 former territory of the FRG)","Number","Personal reasons","1 night or over","Croatia","211,490",""
"2012","Germany (until 1990 former territory of the FRG)","Number","Personal reasons","1 night or over","Slovenia","44,871","u"
"2012","Germany (until 1990 former territory of the FRG)","Number","Personal reasons","From 1 to 3 nights","Croatia","82,328","u"
"2012","Germany (until 1990 former territory of the FRG)","Number","Personal reasons","From 1 to 3 nights","Slovenia","22,594","u"
"2012","Germany (until 1990 former territory of the FRG)","Number","Personal reasons","4 nights or over","Croatia","129,162",""
"2012","Germany (until 1990 former territory of the FRG)","Number","Personal reasons","4 nights or over","Slovenia","22,277","u"
"2012","Germany (until 1990 former territory of the FRG)","Number","Professional, business","1 night or over","Croatia","80,363","u"
"2012","Germany (until 1990 former territory of the FRG)","Number","Professional, business","1 night or over","Slovenia","76,247",""
"2012","Germany (until 1990 former territory of the FRG)","Number","Professional, business","From 1 to 3 nights","Croatia",":","u"
"2012","Germany (until 1990 former territory of the FRG)","Number","Professional, business","From 1 to 3 nights","Slovenia","60,971",""
"2012","Germany (until 1990 former territory of the FRG)","Number","Professional, business","4 nights or over","Croatia",":","u"
"2012","Germany (until 1990 former territory of the FRG)","Number","Professional, business","4 nights or over","Slovenia","15,277","u"
"2012","Croatia","Number","Total","1 night or over","Croatia","6,055,907",""
"2012","Croatia","Number","Total","1 night or over","Slovenia","1,351,357",""
"2012","Croatia","Number","Total","From 1 to 3 nights","Croatia","3,778,687",""
"2012","Croatia","Number","Total","From 1 to 3 nights","Slovenia","594,429",""
"2012","Croatia","Number","Total","4 nights or over","Croatia","2,277,220",""
"2012","Croatia","Number","Total","4 nights or over","Slovenia","756,928",""
"2012","Croatia","Number","Personal reasons","1 night or over","Croatia","5,111,093",""
"2012","Croatia","Number","Personal reasons","1 night or over","Slovenia","1,314,278",""
"2012","Croatia","Number","Personal reasons","From 1 to 3 nights","Croatia","3,028,091",""
"2012","Croatia","Number","Personal reasons","From 1 to 3 nights","Slovenia","566,958",""
"2012","Croatia","Number","Personal reasons","4 nights or over","Croatia","2,083,001",""
"2012","Croatia","Number","Personal reasons","4 nights or over","Slovenia","747,319",""
"2012","Croatia","Number","Professional, business","1 night or over","Croatia","944,814",""
"2012","Croatia","Number","Professional, business","1 night or over","Slovenia","37,079","u"
"2012","Croatia","Number","Professional, business","From 1 to 3 nights","Croatia","750,595",""
"2012","Croatia","Number","Professional, business","From 1 to 3 nights","Slovenia","27,470","u"
"2012","Croatia","Number","Professional, business","4 nights or over","Croatia","194,219",""
"2012","Croatia","Number","Professional, business","4 nights or over","Slovenia",":","u"
"2012","Italy","Number","Total","1 night or over","Croatia","288,164",""
"2012","Italy","Number","Total","1 night or over","Slovenia","151,500",""
"2012","Italy","Number","Total","From 1 to 3 nights","Croatia","140,550",""
"2012","Italy","Number","Total","From 1 to 3 nights","Slovenia","76,732",""
"2012","Italy","Number","Total","4 nights or over","Croatia","147,614",""
"2012","Italy","Number","Total","4 nights or over","Slovenia","74,768",""
"2012","Italy","Number","Personal reasons","1 night or over","Croatia","254,899",""
"2012","Italy","Number","Personal reasons","1 night or over","Slovenia","104,985",""
"2012","Italy","Number","Personal reasons","From 1 to 3 nights","Croatia","120,607",""
"2012","Italy","Number","Personal reasons","From 1 to 3 nights","Slovenia","42,621",""
"2012","Italy","Number","Personal reasons","4 nights or over","Croatia","134,292",""
"2012","Italy","Number","Personal reasons","4 nights or over","Slovenia","62,363",""
"2012","Italy","Number","Professional, business","1 night or over","Croatia","33,265","u"
"2012","Italy","Number","Professional, business","1 night or over","Slovenia","46,516","u"
"2012","Italy","Number","Professional, business","From 1 to 3 nights","Croatia",":","u"
"2012","Italy","Number","Professional, business","From 1 to 3 nights","Slovenia","34,111","u"
"2012","Italy","Number","Professional, business","4 nights or over","Croatia",":","u"
"2012","Italy","Number","Professional, business","4 nights or over","Slovenia",":","u"
"2012","Slovenia","Number","Total","1 night or over","Croatia","268,231",""
"2012","Slovenia","Number","Total","1 night or over","Slovenia","2,064,610",""
"2012","Slovenia","Number","Total","From 1 to 3 nights","Croatia","180,984",""
"2012","Slovenia","Number","Total","From 1 to 3 nights","Slovenia","1,678,211",""
"2012","Slovenia","Number","Total","4 nights or over","Croatia","87,247","u"
"2012","Slovenia","Number","Total","4 nights or over","Slovenia","386,399",""
"2012","Slovenia","Number","Personal reasons","1 night or over","Croatia","231,082",""
"2012","Slovenia","Number","Personal reasons","1 night or over","Slovenia","1,974,899",""
"2012","Slovenia","Number","Personal reasons","From 1 to 3 nights","Croatia","149,461",""
"2012","Slovenia","Number","Personal reasons","From 1 to 3 nights","Slovenia","1,603,955",""
"2012","Slovenia","Number","Personal reasons","4 nights or over","Croatia","81,621","u"
"2012","Slovenia","Number","Personal reasons","4 nights or over","Slovenia","370,944",""
"2012","Slovenia","Number","Professional, business","1 night or over","Croatia",":","u"
"2012","Slovenia","Number","Professional, business","1 night or over","Slovenia","89,711",""
"2012","Slovenia","Number","Professional, business","From 1 to 3 nights","Croatia",":","u"
"2012","Slovenia","Number","Professional, business","From 1 to 3 nights","Slovenia","74,257",""
"2012","Slovenia","Number","Professional, business","4 nights or over","Croatia",":","u"
"2012","Slovenia","Number","Professional, business","4 nights or over","Slovenia",":","u"
"2012","All countries of the world","Number","Total","1 night or over","Croatia","8,736,711",""
"2012","All countries of the world","Number","Total","1 night or over","Slovenia","4,539,023",""
"2012","All countries of the world","Number","Total","From 1 to 3 nights","Croatia","5,135,685",""
"2012","All countries of the world","Number","Total","From 1 to 3 nights","Slovenia","2,832,616",""
"2012","All countries of the world","Number","Total","4 nights or over","Croatia","3,601,026",""
"2012","All countries of the world","Number","Total","4 nights or over","Slovenia","1,706,408",""
"2012","All countries of the world","Number","Personal reasons","1 night or over","Croatia","7,284,473",""
"2012","All countries of the world","Number","Personal reasons","1 night or over","Slovenia","4,054,317",""
"2012","All countries of the world","Number","Personal reasons","From 1 to 3 nights","Croatia","4,082,385",""
"2012","All countries of the world","Number","Personal reasons","From 1 to 3 nights","Slovenia","2,490,441",""
"2012","All countries of the world","Number","Personal reasons","4 nights or over","Croatia","3,202,089",""
"2012","All countries of the world","Number","Personal reasons","4 nights or over","Slovenia","1,563,876",""
"2012","All countries of the world","Number","Professional, business","1 night or over","Croatia","1,452,238",""
"2012","All countries of the world","Number","Professional, business","1 night or over","Slovenia","484,706",""
"2012","All countries of the world","Number","Professional, business","From 1 to 3 nights","Croatia","1,053,301",""
"2012","All countries of the world","Number","Professional, business","From 1 to 3 nights","Slovenia","342,174",""
"2012","All countries of the world","Number","Professional, business","4 nights or over","Croatia","398,937",""
"2012","All countries of the world","Number","Professional, business","4 nights or over","Slovenia","142,532",""
"2013","Europe","Number","Total","1 night or over","Croatia","8,987,137",""
"2013","Europe","Number","Total","1 night or over","Slovenia","4,566,096",""
"2013","Europe","Number","Total","From 1 to 3 nights","Croatia","5,150,302",""
"2013","Europe","Number","Total","From 1 to 3 nights","Slovenia","2,983,873",""
"2013","Europe","Number","Total","4 nights or over","Croatia","3,836,835",""
"2013","Europe","Number","Total","4 nights or over","Slovenia","1,582,223",""
"2013","Europe","Number","Personal reasons","1 night or over","Croatia","7,603,407",""
"2013","Europe","Number","Personal reasons","1 night or over","Slovenia","4,167,400",""
"2013","Europe","Number","Personal reasons","From 1 to 3 nights","Croatia","4,183,572",""
"2013","Europe","Number","Personal reasons","From 1 to 3 nights","Slovenia","2,674,997",""
"2013","Europe","Number","Personal reasons","4 nights or over","Croatia","3,419,835",""
"2013","Europe","Number","Personal reasons","4 nights or over","Slovenia","1,492,402",""
"2013","Europe","Number","Professional, business","1 night or over","Croatia","1,383,730",""
"2013","Europe","Number","Professional, business","1 night or over","Slovenia","398,696",""
"2013","Europe","Number","Professional, business","From 1 to 3 nights","Croatia","966,730",""
"2013","Europe","Number","Professional, business","From 1 to 3 nights","Slovenia","308,875",""
"2013","Europe","Number","Professional, business","4 nights or over","Croatia","417,000",""
"2013","Europe","Number","Professional, business","4 nights or over","Slovenia","89,821",""
"2013","Germany (until 1990 former territory of the FRG)","Number","Total","1 night or over","Croatia","333,229",""
"2013","Germany (until 1990 former territory of the FRG)","Number","Total","1 night or over","Slovenia","90,585",""
"2013","Germany (until 1990 former territory of the FRG)","Number","Total","From 1 to 3 nights","Croatia","110,779","u"
"2013","Germany (until 1990 former territory of the FRG)","Number","Total","From 1 to 3 nights","Slovenia","56,153",""
"2013","Germany (until 1990 former territory of the FRG)","Number","Total","4 nights or over","Croatia","222,449",""
"2013","Germany (until 1990 former territory of the FRG)","Number","Total","4 nights or over","Slovenia","34,432","u"
"2013","Germany (until 1990 former territory of the FRG)","Number","Personal reasons","1 night or over","Croatia","243,029",""
"2013","Germany (until 1990 former territory of the FRG)","Number","Personal reasons","1 night or over","Slovenia","39,407","u"
"2013","Germany (until 1990 former territory of the FRG)","Number","Personal reasons","From 1 to 3 nights","Croatia","61,754","u"
"2013","Germany (until 1990 former territory of the FRG)","Number","Personal reasons","From 1 to 3 nights","Slovenia","18,124","u"
"2013","Germany (until 1990 former territory of the FRG)","Number","Personal reasons","4 nights or over","Croatia","181,275",""
"2013","Germany (until 1990 former territory of the FRG)","Number","Personal reasons","4 nights or over","Slovenia","21,283","u"
"2013","Germany (until 1990 former territory of the FRG)","Number","Professional, business","1 night or over","Croatia","90,199","u"
"2013","Germany (until 1990 former territory of the FRG)","Number","Professional, business","1 night or over","Slovenia","51,178",""
"2013","Germany (until 1990 former territory of the FRG)","Number","Professional, business","From 1 to 3 nights","Croatia",":","u"
"2013","Germany (until 1990 former territory of the FRG)","Number","Professional, business","From 1 to 3 nights","Slovenia","38,029","u"
"2013","Germany (until 1990 former territory of the FRG)","Number","Professional, business","4 nights or over","Croatia",":","u"
"2013","Germany (until 1990 former territory of the FRG)","Number","Professional, business","4 nights or over","Slovenia",":","u"
"2013","Croatia","Number","Total","1 night or over","Croatia","6,224,881",""
"2013","Croatia","Number","Total","1 night or over","Slovenia","1,448,964",""
"2013","Croatia","Number","Total","From 1 to 3 nights","Croatia","3,854,729",""
"2013","Croatia","Number","Total","From 1 to 3 nights","Slovenia","713,160",""
"2013","Croatia","Number","Total","4 nights or over","Croatia","2,370,152",""
"2013","Croatia","Number","Total","4 nights or over","Slovenia","735,804",""
"2013","Croatia","Number","Personal reasons","1 night or over","Croatia","5,350,704",""
"2013","Croatia","Number","Personal reasons","1 night or over","Slovenia","1,420,891",""
"2013","Croatia","Number","Personal reasons","From 1 to 3 nights","Croatia","3,169,156",""
"2013","Croatia","Number","Personal reasons","From 1 to 3 nights","Slovenia","687,208",""
"2013","Croatia","Number","Personal reasons","4 nights or over","Croatia","2,181,548",""
"2013","Croatia","Number","Personal reasons","4 nights or over","Slovenia","733,683",""
"2013","Croatia","Number","Professional, business","1 night or over","Croatia","874,177",""
"2013","Croatia","Number","Professional, business","1 night or over","Slovenia","28,073","u"
"2013","Croatia","Number","Professional, business","From 1 to 3 nights","Croatia","685,573",""
"2013","Croatia","Number","Professional, business","From 1 to 3 nights","Slovenia","25,952","u"
"2013","Croatia","Number","Professional, business","4 nights or over","Croatia","188,604",""
"2013","Croatia","Number","Professional, business","4 nights or over","Slovenia",":","u"
"2013","Italy","Number","Total","1 night or over","Croatia","299,429",""
"2013","Italy","Number","Total","1 night or over","Slovenia","170,386",""
"2013","Italy","Number","Total","From 1 to 3 nights","Croatia","148,218",""
"2013","Italy","Number","Total","From 1 to 3 nights","Slovenia","102,076",""
"2013","Italy","Number","Total","4 nights or over","Croatia","151,211",""
"2013","Italy","Number","Total","4 nights or over","Slovenia","68,310",""
"2013","Italy","Number","Personal reasons","1 night or over","Croatia","232,820",""
"2013","Italy","Number","Personal reasons","1 night or over","Slovenia","133,458",""
"2013","Italy","Number","Personal reasons","From 1 to 3 nights","Croatia","102,090","u"
"2013","Italy","Number","Personal reasons","From 1 to 3 nights","Slovenia","72,947",""
"2013","Italy","Number","Personal reasons","4 nights or over","Croatia","130,730",""
"2013","Italy","Number","Personal reasons","4 nights or over","Slovenia","60,511",""
"2013","Italy","Number","Professional, business","1 night or over","Croatia","66,609","u"
"2013","Italy","Number","Professional, business","1 night or over","Slovenia","36,928","u"
"2013","Italy","Number","Professional, business","From 1 to 3 nights","Croatia","46,128","u"
"2013","Italy","Number","Professional, business","From 1 to 3 nights","Slovenia","29,130","u"
"2013","Italy","Number","Professional, business","4 nights or over","Croatia",":","u"
"2013","Italy","Number","Professional, business","4 nights or over","Slovenia",":","u"
"2013","Slovenia","Number","Total","1 night or over","Croatia","200,541",""
"2013","Slovenia","Number","Total","1 night or over","Slovenia","2,025,334",""
"2013","Slovenia","Number","Total","From 1 to 3 nights","Croatia","157,474",""
"2013","Slovenia","Number","Total","From 1 to 3 nights","Slovenia","1,661,167",""
"2013","Slovenia","Number","Total","4 nights or over","Croatia","43,067","u"
"2013","Slovenia","Number","Total","4 nights or over","Slovenia","364,167",""
"2013","Slovenia","Number","Personal reasons","1 night or over","Croatia","184,451",""
"2013","Slovenia","Number","Personal reasons","1 night or over","Slovenia","1,922,972",""
"2013","Slovenia","Number","Personal reasons","From 1 to 3 nights","Croatia","145,287",""
"2013","Slovenia","Number","Personal reasons","From 1 to 3 nights","Slovenia","1,567,992",""
"2013","Slovenia","Number","Personal reasons","4 nights or over","Croatia","39,164","u"
"2013","Slovenia","Number","Personal reasons","4 nights or over","Slovenia","354,981",""
"2013","Slovenia","Number","Professional, business","1 night or over","Croatia",":","u"
"2013","Slovenia","Number","Professional, business","1 night or over","Slovenia","102,362",""
"2013","Slovenia","Number","Professional, business","From 1 to 3 nights","Croatia",":","u"
"2013","Slovenia","Number","Professional, business","From 1 to 3 nights","Slovenia","93,175",""
"2013","Slovenia","Number","Professional, business","4 nights or over","Croatia",":","u"
"2013","Slovenia","Number","Professional, business","4 nights or over","Slovenia",":","u"
"2013","All countries of the world","Number","Total","1 night or over","Croatia","9,151,390",""
"2013","All countries of the world","Number","Total","1 night or over","Slovenia","4,636,984",""
"2013","All countries of the world","Number","Total","From 1 to 3 nights","Croatia","5,175,353",""
"2013","All countries of the world","Number","Total","From 1 to 3 nights","Slovenia","2,989,737",""
"2013","All countries of the world","Number","Total","4 nights or over","Croatia","3,976,037",""
"2013","All countries of the world","Number","Total","4 nights or over","Slovenia","1,647,247",""
"2013","All countries of the world","Number","Personal reasons","1 night or over","Croatia","7,709,380",""
"2013","All countries of the world","Number","Personal reasons","1 night or over","Slovenia","4,216,638",""
"2013","All countries of the world","Number","Personal reasons","From 1 to 3 nights","Croatia","4,190,195",""
"2013","All countries of the world","Number","Personal reasons","From 1 to 3 nights","Slovenia","2,676,826",""
"2013","All countries of the world","Number","Personal reasons","4 nights or over","Croatia","3,519,186",""
"2013","All countries of the world","Number","Personal reasons","4 nights or over","Slovenia","1,539,812",""
"2013","All countries of the world","Number","Professional, business","1 night or over","Croatia","1,442,010",""
"2013","All countries of the world","Number","Professional, business","1 night or over","Slovenia","420,346",""
"2013","All countries of the world","Number","Professional, business","From 1 to 3 nights","Croatia","985,158",""
"2013","All countries of the world","Number","Professional, business","From 1 to 3 nights","Slovenia","312,911",""
"2013","All countries of the world","Number","Professional, business","4 nights or over","Croatia","456,852",""
"2013","All countries of the world","Number","Professional, business","4 nights or over","Slovenia","107,436",""
"2014","Europe","Number","Total","1 night or over","Croatia","8,069,313",""
"2014","Europe","Number","Total","1 night or over","Slovenia","4,453,632",""
"2014","Europe","Number","Total","From 1 to 3 nights","Croatia","4,953,439",""
"2014","Europe","Number","Total","From 1 to 3 nights","Slovenia","2,958,250",""
"2014","Europe","Number","Total","4 nights or over","Croatia","3,115,874",""
"2014","Europe","Number","Total","4 nights or over","Slovenia","1,495,381",""
"2014","Europe","Number","Personal reasons","1 night or over","Croatia","6,603,099",""
"2014","Europe","Number","Personal reasons","1 night or over","Slovenia","3,982,487",""
"2014","Europe","Number","Personal reasons","From 1 to 3 nights","Croatia","3,885,340",""
"2014","Europe","Number","Personal reasons","From 1 to 3 nights","Slovenia","2,579,087",""
"2014","Europe","Number","Personal reasons","4 nights or over","Croatia","2,717,759",""
"2014","Europe","Number","Personal reasons","4 nights or over","Slovenia","1,403,400",""
"2014","Europe","Number","Professional, business","1 night or over","Croatia","1,466,214",""
"2014","Europe","Number","Professional, business","1 night or over","Slovenia","471,144",""
"2014","Europe","Number","Professional, business","From 1 to 3 nights","Croatia","1,068,099",""
"2014","Europe","Number","Professional, business","From 1 to 3 nights","Slovenia","379,163",""
"2014","Europe","Number","Professional, business","4 nights or over","Croatia","398,115",""
"2014","Europe","Number","Professional, business","4 nights or over","Slovenia","91,981",""
"2014","Germany (until 1990 former territory of the FRG)","Number","Total","1 night or over","Croatia","308,394",""
"2014","Germany (until 1990 former territory of the FRG)","Number","Total","1 night or over","Slovenia","116,655",""
"2014","Germany (until 1990 former territory of the FRG)","Number","Total","From 1 to 3 nights","Croatia","106,345",""
"2014","Germany (until 1990 former territory of the FRG)","Number","Total","From 1 to 3 nights","Slovenia","75,838",""
"2014","Germany (until 1990 former territory of the FRG)","Number","Total","4 nights or over","Croatia","202,049",""
"2014","Germany (until 1990 former territory of the FRG)","Number","Total","4 nights or over","Slovenia","40,817","u"
"2014","Germany (until 1990 former territory of the FRG)","Number","Personal reasons","1 night or over","Croatia","155,196",""
"2014","Germany (until 1990 former territory of the FRG)","Number","Personal reasons","1 night or over","Slovenia","46,056",""
"2014","Germany (until 1990 former territory of the FRG)","Number","Personal reasons","From 1 to 3 nights","Croatia","44,422","u"
"2014","Germany (until 1990 former territory of the FRG)","Number","Personal reasons","From 1 to 3 nights","Slovenia","25,089","u"
"2014","Germany (until 1990 former territory of the FRG)","Number","Personal reasons","4 nights or over","Croatia","110,775",""
"2014","Germany (until 1990 former territory of the FRG)","Number","Personal reasons","4 nights or over","Slovenia","20,967","u"
"2014","Germany (until 1990 former territory of the FRG)","Number","Professional, business","1 night or over","Croatia","153,198",""
"2014","Germany (until 1990 former territory of the FRG)","Number","Professional, business","1 night or over","Slovenia","70,599",""
"2014","Germany (until 1990 former territory of the FRG)","Number","Professional, business","From 1 to 3 nights","Croatia","61,923","u"
"2014","Germany (until 1990 former territory of the FRG)","Number","Professional, business","From 1 to 3 nights","Slovenia","50,749","u"
"2014","Germany (until 1990 former territory of the FRG)","Number","Professional, business","4 nights or over","Croatia","91,275","u"
"2014","Germany (until 1990 former territory of the FRG)","Number","Professional, business","4 nights or over","Slovenia",":","u"
"2014","Croatia","Number","Total","1 night or over","Croatia","5,410,179",""
"2014","Croatia","Number","Total","1 night or over","Slovenia","1,494,481",""
"2014","Croatia","Number","Total","From 1 to 3 nights","Croatia","3,496,606",""
"2014","Croatia","Number","Total","From 1 to 3 nights","Slovenia","795,240",""
"2014","Croatia","Number","Total","4 nights or over","Croatia","1,913,574",""
"2014","Croatia","Number","Total","4 nights or over","Slovenia","699,241",""
"2014","Croatia","Number","Personal reasons","1 night or over","Croatia","4,623,508",""
"2014","Croatia","Number","Personal reasons","1 night or over","Slovenia","1,454,494",""
"2014","Croatia","Number","Personal reasons","From 1 to 3 nights","Croatia","2,862,996",""
"2014","Croatia","Number","Personal reasons","From 1 to 3 nights","Slovenia","759,970",""
"2014","Croatia","Number","Personal reasons","4 nights or over","Croatia","1,760,512",""
"2014","Croatia","Number","Personal reasons","4 nights or over","Slovenia","694,523",""
"2014","Croatia","Number","Professional, business","1 night or over","Croatia","786,671",""
"2014","Croatia","Number","Professional, business","1 night or over","Slovenia","39,987","u"
"2014","Croatia","Number","Professional, business","From 1 to 3 nights","Croatia","633,609",""
"2014","Croatia","Number","Professional, business","From 1 to 3 nights","Slovenia","35,270","u"
"2014","Croatia","Number","Professional, business","4 nights or over","Croatia","153,061",""
"2014","Croatia","Number","Professional, business","4 nights or over","Slovenia",":","u"
"2014","Italy","Number","Total","1 night or over","Croatia","256,969",""
"2014","Italy","Number","Total","1 night or over","Slovenia","157,100",""
"2014","Italy","Number","Total","From 1 to 3 nights","Croatia","137,567",""
"2014","Italy","Number","Total","From 1 to 3 nights","Slovenia","105,129",""
"2014","Italy","Number","Total","4 nights or over","Croatia","119,402",""
"2014","Italy","Number","Total","4 nights or over","Slovenia","51,971",""
"2014","Italy","Number","Personal reasons","1 night or over","Croatia","180,244",""
"2014","Italy","Number","Personal reasons","1 night or over","Slovenia","131,732",""
"2014","Italy","Number","Personal reasons","From 1 to 3 nights","Croatia","106,614",""
"2014","Italy","Number","Personal reasons","From 1 to 3 nights","Slovenia","81,504",""
"2014","Italy","Number","Personal reasons","4 nights or over","Croatia","73,630",""
"2014","Italy","Number","Personal reasons","4 nights or over","Slovenia","50,228",""
"2014","Italy","Number","Professional, business","1 night or over","Croatia","76,725","u"
"2014","Italy","Number","Professional, business","1 night or over","Slovenia","25,368","u"
"2014","Italy","Number","Professional, business","From 1 to 3 nights","Croatia","30,953","u"
"2014","Italy","Number","Professional, business","From 1 to 3 nights","Slovenia","23,625","u"
"2014","Italy","Number","Professional, business","4 nights or over","Croatia",":","u"
"2014","Italy","Number","Professional, business","4 nights or over","Slovenia",":","u"
"2014","Slovenia","Number","Total","1 night or over","Croatia","314,339",""
"2014","Slovenia","Number","Total","1 night or over","Slovenia","1,888,108",""
"2014","Slovenia","Number","Total","From 1 to 3 nights","Croatia","236,075",""
"2014","Slovenia","Number","Total","From 1 to 3 nights","Slovenia","1,556,170",""
"2014","Slovenia","Number","Total","4 nights or over","Croatia","78,264","u"
"2014","Slovenia","Number","Total","4 nights or over","Slovenia","331,938",""
"2014","Slovenia","Number","Personal reasons","1 night or over","Croatia","253,567",""
"2014","Slovenia","Number","Personal reasons","1 night or over","Slovenia","1,795,116",""
"2014","Slovenia","Number","Personal reasons","From 1 to 3 nights","Croatia","179,113",""
"2014","Slovenia","Number","Personal reasons","From 1 to 3 nights","Slovenia","1,472,051",""
"2014","Slovenia","Number","Personal reasons","4 nights or over","Croatia","74,454","u"
"2014","Slovenia","Number","Personal reasons","4 nights or over","Slovenia","323,065",""
"2014","Slovenia","Number","Professional, business","1 night or over","Croatia","60,771","u"
"2014","Slovenia","Number","Professional, business","1 night or over","Slovenia","92,992",""
"2014","Slovenia","Number","Professional, business","From 1 to 3 nights","Croatia","56,962","u"
"2014","Slovenia","Number","Professional, business","From 1 to 3 nights","Slovenia","84,119",""
"2014","Slovenia","Number","Professional, business","4 nights or over","Croatia",":","u"
"2014","Slovenia","Number","Professional, business","4 nights or over","Slovenia",":","u"
"2014","All countries of the world","Number","Total","1 night or over","Croatia","8,173,433",""
"2014","All countries of the world","Number","Total","1 night or over","Slovenia","4,530,527",""
"2014","All countries of the world","Number","Total","From 1 to 3 nights","Croatia","4,973,509",""
"2014","All countries of the world","Number","Total","From 1 to 3 nights","Slovenia","2,960,418",""
"2014","All countries of the world","Number","Total","4 nights or over","Croatia","3,199,924",""
"2014","All countries of the world","Number","Total","4 nights or over","Slovenia","1,570,108",""
"2014","All countries of the world","Number","Personal reasons","1 night or over","Croatia","6,649,823",""
"2014","All countries of the world","Number","Personal reasons","1 night or over","Slovenia","4,044,835",""
"2014","All countries of the world","Number","Personal reasons","From 1 to 3 nights","Croatia","3,890,091",""
"2014","All countries of the world","Number","Personal reasons","From 1 to 3 nights","Slovenia","2,579,844",""
"2014","All countries of the world","Number","Personal reasons","4 nights or over","Croatia","2,759,732",""
"2014","All countries of the world","Number","Personal reasons","4 nights or over","Slovenia","1,464,992",""
"2014","All countries of the world","Number","Professional, business","1 night or over","Croatia","1,523,610",""
"2014","All countries of the world","Number","Professional, business","1 night or over","Slovenia","485,691",""
"2014","All countries of the world","Number","Professional, business","From 1 to 3 nights","Croatia","1,083,418",""
"2014","All countries of the world","Number","Professional, business","From 1 to 3 nights","Slovenia","380,575",""
"2014","All countries of the world","Number","Professional, business","4 nights or over","Croatia","440,192",""
"2014","All countries of the world","Number","Professional, business","4 nights or over","Slovenia","105,117",""
"2015","Europe","Number","Total","1 night or over","Croatia","6,419,153",""
"2015","Europe","Number","Total","1 night or over","Slovenia","4,308,578",""
"2015","Europe","Number","Total","From 1 to 3 nights","Croatia","3,415,216",""
"2015","Europe","Number","Total","From 1 to 3 nights","Slovenia","2,609,633",""
"2015","Europe","Number","Total","4 nights or over","Croatia","3,003,937",""
"2015","Europe","Number","Total","4 nights or over","Slovenia","1,698,945",""
"2015","Europe","Number","Personal reasons","1 night or over","Croatia","5,524,070",""
"2015","Europe","Number","Personal reasons","1 night or over","Slovenia","3,808,658",""
"2015","Europe","Number","Personal reasons","From 1 to 3 nights","Croatia","2,773,640",""
"2015","Europe","Number","Personal reasons","From 1 to 3 nights","Slovenia","2,224,573",""
"2015","Europe","Number","Personal reasons","4 nights or over","Croatia","2,750,430",""
"2015","Europe","Number","Personal reasons","4 nights or over","Slovenia","1,584,085",""
"2015","Europe","Number","Professional, business","1 night or over","Croatia","895,083",""
"2015","Europe","Number","Professional, business","1 night or over","Slovenia","499,920",""
"2015","Europe","Number","Professional, business","From 1 to 3 nights","Croatia","641,576",""
"2015","Europe","Number","Professional, business","From 1 to 3 nights","Slovenia","385,060",""
"2015","Europe","Number","Professional, business","4 nights or over","Croatia","253,507",""
"2015","Europe","Number","Professional, business","4 nights or over","Slovenia","114,860",""
"2015","Germany (until 1990 former territory of the FRG)","Number","Total","1 night or over","Croatia","260,738",""
"2015","Germany (until 1990 former territory of the FRG)","Number","Total","1 night or over","Slovenia","109,302",""
"2015","Germany (until 1990 former territory of the FRG)","Number","Total","From 1 to 3 nights","Croatia","93,346","u"
"2015","Germany (until 1990 former territory of the FRG)","Number","Total","From 1 to 3 nights","Slovenia","76,419",""
"2015","Germany (until 1990 former territory of the FRG)","Number","Total","4 nights or over","Croatia","167,392",""
"2015","Germany (until 1990 former territory of the FRG)","Number","Total","4 nights or over","Slovenia","32,884","u"
"2015","Germany (until 1990 former territory of the FRG)","Number","Personal reasons","1 night or over","Croatia","203,683",""
"2015","Germany (until 1990 former territory of the FRG)","Number","Personal reasons","1 night or over","Slovenia","55,593","u"
"2015","Germany (until 1990 former territory of the FRG)","Number","Personal reasons","From 1 to 3 nights","Croatia","54,906","u"
"2015","Germany (until 1990 former territory of the FRG)","Number","Personal reasons","From 1 to 3 nights","Slovenia","33,389","u"
"2015","Germany (until 1990 former territory of the FRG)","Number","Personal reasons","4 nights or over","Croatia","148,777",""
"2015","Germany (until 1990 former territory of the FRG)","Number","Personal reasons","4 nights or over","Slovenia","22,204","u"
"2015","Germany (until 1990 former territory of the FRG)","Number","Professional, business","1 night or over","Croatia","57,055","u"
"2015","Germany (until 1990 former territory of the FRG)","Number","Professional, business","1 night or over","Slovenia","53,709","u"
"2015","Germany (until 1990 former territory of the FRG)","Number","Professional, business","From 1 to 3 nights","Croatia",":","u"
"2015","Germany (until 1990 former territory of the FRG)","Number","Professional, business","From 1 to 3 nights","Slovenia","43,030","u"
"2015","Germany (until 1990 former territory of the FRG)","Number","Professional, business","4 nights or over","Croatia",":","u"
"2015","Germany (until 1990 former territory of the FRG)","Number","Professional, business","4 nights or over","Slovenia",":","u"
"2015","Croatia","Number","Total","1 night or over","Croatia","4,039,589",""
"2015","Croatia","Number","Total","1 night or over","Slovenia","1,602,655",""
"2015","Croatia","Number","Total","From 1 to 3 nights","Croatia","2,173,789",""
"2015","Croatia","Number","Total","From 1 to 3 nights","Slovenia","755,587",""
"2015","Croatia","Number","Total","4 nights or over","Croatia","1,865,800",""
"2015","Croatia","Number","Total","4 nights or over","Slovenia","847,067",""
"2015","Croatia","Number","Personal reasons","1 night or over","Croatia","3,587,698",""
"2015","Croatia","Number","Personal reasons","1 night or over","Slovenia","1,546,647",""
"2015","Croatia","Number","Personal reasons","From 1 to 3 nights","Croatia","1,858,851",""
"2015","Croatia","Number","Personal reasons","From 1 to 3 nights","Slovenia","713,368",""
"2015","Croatia","Number","Personal reasons","4 nights or over","Croatia","1,728,847",""
"2015","Croatia","Number","Personal reasons","4 nights or over","Slovenia","833,279",""
"2015","Croatia","Number","Professional, business","1 night or over","Croatia","451,891",""
"2015","Croatia","Number","Professional, business","1 night or over","Slovenia","56,007","u"
"2015","Croatia","Number","Professional, business","From 1 to 3 nights","Croatia","314,938",""
"2015","Croatia","Number","Professional, business","From 1 to 3 nights","Slovenia","42,219","u"
"2015","Croatia","Number","Professional, business","4 nights or over","Croatia","136,953","u"
"2015","Croatia","Number","Professional, business","4 nights or over","Slovenia",":","u"
"2015","Italy","Number","Total","1 night or over","Croatia","451,649",""
"2015","Italy","Number","Total","1 night or over","Slovenia","217,133",""
"2015","Italy","Number","Total","From 1 to 3 nights","Croatia","276,582",""
"2015","Italy","Number","Total","From 1 to 3 nights","Slovenia","134,752",""
"2015","Italy","Number","Total","4 nights or over","Croatia","175,067",""
"2015","Italy","Number","Total","4 nights or over","Slovenia","82,381",""
"2015","Italy","Number","Personal reasons","1 night or over","Croatia","405,877",""
"2015","Italy","Number","Personal reasons","1 night or over","Slovenia","168,516",""
"2015","Italy","Number","Personal reasons","From 1 to 3 nights","Croatia","241,494",""
"2015","Italy","Number","Personal reasons","From 1 to 3 nights","Slovenia","93,047",""
"2015","Italy","Number","Personal reasons","4 nights or over","Croatia","164,383",""
"2015","Italy","Number","Personal reasons","4 nights or over","Slovenia","75,470",""
"2015","Italy","Number","Professional, business","1 night or over","Croatia","45,772","u"
"2015","Italy","Number","Professional, business","1 night or over","Slovenia","48,616","u"
"2015","Italy","Number","Professional, business","From 1 to 3 nights","Croatia",":","u"
"2015","Italy","Number","Professional, business","From 1 to 3 nights","Slovenia","41,705","u"
"2015","Italy","Number","Professional, business","4 nights or over","Croatia",":","u"
"2015","Italy","Number","Professional, business","4 nights or over","Slovenia",":","u"
"2015","Slovenia","Number","Total","1 night or over","Croatia","183,068",""
"2015","Slovenia","Number","Total","1 night or over","Slovenia","1,533,254",""
"2015","Slovenia","Number","Total","From 1 to 3 nights","Croatia","124,603",""
"2015","Slovenia","Number","Total","From 1 to 3 nights","Slovenia","1,195,578",""
"2015","Slovenia","Number","Total","4 nights or over","Croatia","58,466","u"
"2015","Slovenia","Number","Total","4 nights or over","Slovenia","337,676",""
"2015","Slovenia","Number","Personal reasons","1 night or over","Croatia","155,643",""
"2015","Slovenia","Number","Personal reasons","1 night or over","Slovenia","1,452,035",""
"2015","Slovenia","Number","Personal reasons","From 1 to 3 nights","Croatia","98,874",""
"2015","Slovenia","Number","Personal reasons","From 1 to 3 nights","Slovenia","1,127,833",""
"2015","Slovenia","Number","Personal reasons","4 nights or over","Croatia","56,769","u"
"2015","Slovenia","Number","Personal reasons","4 nights or over","Slovenia","324,202",""
"2015","Slovenia","Number","Professional, business","1 night or over","Croatia",":","u"
"2015","Slovenia","Number","Professional, business","1 night or over","Slovenia","81,219",""
"2015","Slovenia","Number","Professional, business","From 1 to 3 nights","Croatia",":","u"
"2015","Slovenia","Number","Professional, business","From 1 to 3 nights","Slovenia","67,745",""
"2015","Slovenia","Number","Professional, business","4 nights or over","Croatia",":","u"
"2015","Slovenia","Number","Professional, business","4 nights or over","Slovenia",":","u"
"2015","All countries of the world","Number","Total","1 night or over","Croatia","6,617,178",""
"2015","All countries of the world","Number","Total","1 night or over","Slovenia","4,388,269",""
"2015","All countries of the world","Number","Total","From 1 to 3 nights","Croatia","3,431,632",""
"2015","All countries of the world","Number","Total","From 1 to 3 nights","Slovenia","2,610,506",""
"2015","All countries of the world","Number","Total","4 nights or over","Croatia","3,185,547",""
"2015","All countries of the world","Number","Total","4 nights or over","Slovenia","1,777,763",""
"2015","All countries of the world","Number","Personal reasons","1 night or over","Croatia","5,653,498",""
"2015","All countries of the world","Number","Personal reasons","1 night or over","Slovenia","3,869,157",""
"2015","All countries of the world","Number","Personal reasons","From 1 to 3 nights","Croatia","2,778,748",""
"2015","All countries of the world","Number","Personal reasons","From 1 to 3 nights","Slovenia","2,225,445",""
"2015","All countries of the world","Number","Personal reasons","4 nights or over","Croatia","2,874,750",""
"2015","All countries of the world","Number","Personal reasons","4 nights or over","Slovenia","1,643,712",""
"2015","All countries of the world","Number","Professional, business","1 night or over","Croatia","963,680",""
"2015","All countries of the world","Number","Professional, business","1 night or over","Slovenia","519,113",""
"2015","All countries of the world","Number","Professional, business","From 1 to 3 nights","Croatia","652,883",""
"2015","All countries of the world","Number","Professional, business","From 1 to 3 nights","Slovenia","385,061",""
"2015","All countries of the world","Number","Professional, business","4 nights or over","Croatia","310,797",""
"2015","All countries of the world","Number","Professional, business","4 nights or over","Slovenia","134,051",""
"2016","Europe","Number","Total","1 night or over","Croatia","4,474,175",""
"2016","Europe","Number","Total","1 night or over","Slovenia","4,482,890",""
"2016","Europe","Number","Total","From 1 to 3 nights","Croatia","2,501,827",""
"2016","Europe","Number","Total","From 1 to 3 nights","Slovenia","2,669,713",""
"2016","Europe","Number","Total","4 nights or over","Croatia","1,972,348",""
"2016","Europe","Number","Total","4 nights or over","Slovenia","1,813,177",""
"2016","Europe","Number","Personal reasons","1 night or over","Croatia","3,706,719",""
"2016","Europe","Number","Personal reasons","1 night or over","Slovenia","3,980,791",""
"2016","Europe","Number","Personal reasons","From 1 to 3 nights","Croatia","1,953,769",""
"2016","Europe","Number","Personal reasons","From 1 to 3 nights","Slovenia","2,319,765",""
"2016","Europe","Number","Personal reasons","4 nights or over","Croatia","1,752,950",""
"2016","Europe","Number","Personal reasons","4 nights or over","Slovenia","1,661,026",""
"2016","Europe","Number","Professional, business","1 night or over","Croatia","767,456",""
"2016","Europe","Number","Professional, business","1 night or over","Slovenia","502,099",""
"2016","Europe","Number","Professional, business","From 1 to 3 nights","Croatia","548,058",""
"2016","Europe","Number","Professional, business","From 1 to 3 nights","Slovenia","349,948",""
"2016","Europe","Number","Professional, business","4 nights or over","Croatia","219,397",""
"2016","Europe","Number","Professional, business","4 nights or over","Slovenia","152,151",""
"2016","Germany (until 1990 former territory of the FRG)","Number","Total","1 night or over","Croatia","277,689",""
"2016","Germany (until 1990 former territory of the FRG)","Number","Total","1 night or over","Slovenia","102,824",""
"2016","Germany (until 1990 former territory of the FRG)","Number","Total","From 1 to 3 nights","Croatia","138,147",""
"2016","Germany (until 1990 former territory of the FRG)","Number","Total","From 1 to 3 nights","Slovenia","64,639",""
"2016","Germany (until 1990 former territory of the FRG)","Number","Total","4 nights or over","Croatia","139,542",""
"2016","Germany (until 1990 former territory of the FRG)","Number","Total","4 nights or over","Slovenia","38,185","u"
"2016","Germany (until 1990 former territory of the FRG)","Number","Personal reasons","1 night or over","Croatia","144,791",""
"2016","Germany (until 1990 former territory of the FRG)","Number","Personal reasons","1 night or over","Slovenia","40,676","u"
"2016","Germany (until 1990 former territory of the FRG)","Number","Personal reasons","From 1 to 3 nights","Croatia","52,624","u"
"2016","Germany (until 1990 former territory of the FRG)","Number","Personal reasons","From 1 to 3 nights","Slovenia","22,025","u"
"2016","Germany (until 1990 former territory of the FRG)","Number","Personal reasons","4 nights or over","Croatia","92,167",""
"2016","Germany (until 1990 former territory of the FRG)","Number","Personal reasons","4 nights or over","Slovenia","18,651","u"
"2016","Germany (until 1990 former territory of the FRG)","Number","Professional, business","1 night or over","Croatia","132,897","u"
"2016","Germany (until 1990 former territory of the FRG)","Number","Professional, business","1 night or over","Slovenia","62,148",""
"2016","Germany (until 1990 former territory of the FRG)","Number","Professional, business","From 1 to 3 nights","Croatia","85,522","u"
"2016","Germany (until 1990 former territory of the FRG)","Number","Professional, business","From 1 to 3 nights","Slovenia","42,614","u"
"2016","Germany (until 1990 former territory of the FRG)","Number","Professional, business","4 nights or over","Croatia",":","u"
"2016","Germany (until 1990 former territory of the FRG)","Number","Professional, business","4 nights or over","Slovenia",":","u"
"2016","Croatia","Number","Total","1 night or over","Croatia","2,926,409",""
"2016","Croatia","Number","Total","1 night or over","Slovenia","1,660,200",""
"2016","Croatia","Number","Total","From 1 to 3 nights","Croatia","1,587,565",""
"2016","Croatia","Number","Total","From 1 to 3 nights","Slovenia","797,166",""
"2016","Croatia","Number","Total","4 nights or over","Croatia","1,338,844",""
"2016","Croatia","Number","Total","4 nights or over","Slovenia","863,034",""
"2016","Croatia","Number","Personal reasons","1 night or over","Croatia","2,546,275",""
"2016","Croatia","Number","Personal reasons","1 night or over","Slovenia","1,611,837",""
"2016","Croatia","Number","Personal reasons","From 1 to 3 nights","Croatia","1,318,717",""
"2016","Croatia","Number","Personal reasons","From 1 to 3 nights","Slovenia","757,444",""
"2016","Croatia","Number","Personal reasons","4 nights or over","Croatia","1,227,558",""
"2016","Croatia","Number","Personal reasons","4 nights or over","Slovenia","854,393",""
"2016","Croatia","Number","Professional, business","1 night or over","Croatia","380,134",""
"2016","Croatia","Number","Professional, business","1 night or over","Slovenia","48,363","u"
"2016","Croatia","Number","Professional, business","From 1 to 3 nights","Croatia","268,849",""
"2016","Croatia","Number","Professional, business","From 1 to 3 nights","Slovenia","39,722","u"
"2016","Croatia","Number","Professional, business","4 nights or over","Croatia","111,286",""
"2016","Croatia","Number","Professional, business","4 nights or over","Slovenia",":","u"
"2016","Italy","Number","Total","1 night or over","Croatia","203,438",""
"2016","Italy","Number","Total","1 night or over","Slovenia","151,689",""
"2016","Italy","Number","Total","From 1 to 3 nights","Croatia","117,818",""
"2016","Italy","Number","Total","From 1 to 3 nights","Slovenia","74,111",""
"2016","Italy","Number","Total","4 nights or over","Croatia","85,619",""
"2016","Italy","Number","Total","4 nights or over","Slovenia","77,578",""
"2016","Italy","Number","Personal reasons","1 night or over","Croatia","165,828",""
"2016","Italy","Number","Personal reasons","1 night or over","Slovenia","117,292",""
"2016","Italy","Number","Personal reasons","From 1 to 3 nights","Croatia","90,442",""
"2016","Italy","Number","Personal reasons","From 1 to 3 nights","Slovenia","51,774",""
"2016","Italy","Number","Personal reasons","4 nights or over","Croatia","75,386",""
"2016","Italy","Number","Personal reasons","4 nights or over","Slovenia","65,519",""
"2016","Italy","Number","Professional, business","1 night or over","Croatia","37,609","u"
"2016","Italy","Number","Professional, business","1 night or over","Slovenia","34,396","u"
"2016","Italy","Number","Professional, business","From 1 to 3 nights","Croatia",":","u"
"2016","Italy","Number","Professional, business","From 1 to 3 nights","Slovenia","22,337","u"
"2016","Italy","Number","Professional, business","4 nights or over","Croatia",":","u"
"2016","Italy","Number","Professional, business","4 nights or over","Slovenia",":","u"
"2016","Slovenia","Number","Total","1 night or over","Croatia","143,642",""
"2016","Slovenia","Number","Total","1 night or over","Slovenia","1,719,761",""
"2016","Slovenia","Number","Total","From 1 to 3 nights","Croatia","101,913",""
"2016","Slovenia","Number","Total","From 1 to 3 nights","Slovenia","1,339,702",""
"2016","Slovenia","Number","Total","4 nights or over","Croatia","41,729","u"
"2016","Slovenia","Number","Total","4 nights or over","Slovenia","380,058",""
"2016","Slovenia","Number","Personal reasons","1 night or over","Croatia","110,638",""
"2016","Slovenia","Number","Personal reasons","1 night or over","Slovenia","1,619,148",""
"2016","Slovenia","Number","Personal reasons","From 1 to 3 nights","Croatia","84,462",""
"2016","Slovenia","Number","Personal reasons","From 1 to 3 nights","Slovenia","1,254,837",""
"2016","Slovenia","Number","Personal reasons","4 nights or over","Croatia","26,176","u"
"2016","Slovenia","Number","Personal reasons","4 nights or over","Slovenia","364,311",""
"2016","Slovenia","Number","Professional, business","1 night or over","Croatia",":","u"
"2016","Slovenia","Number","Professional, business","1 night or over","Slovenia","100,613",""
"2016","Slovenia","Number","Professional, business","From 1 to 3 nights","Croatia",":","u"
"2016","Slovenia","Number","Professional, business","From 1 to 3 nights","Slovenia","84,865",""
"2016","Slovenia","Number","Professional, business","4 nights or over","Croatia",":","u"
"2016","Slovenia","Number","Professional, business","4 nights or over","Slovenia",":","u"
"2016","All countries of the world","Number","Total","1 night or over","Croatia","4,541,268",""
"2016","All countries of the world","Number","Total","1 night or over","Slovenia","4,573,012",""
"2016","All countries of the world","Number","Total","From 1 to 3 nights","Croatia","2,514,237",""
"2016","All countries of the world","Number","Total","From 1 to 3 nights","Slovenia","2,672,641",""
"2016","All countries of the world","Number","Total","4 nights or over","Croatia","2,027,032",""
"2016","All countries of the world","Number","Total","4 nights or over","Slovenia","1,900,372",""
"2016","All countries of the world","Number","Personal reasons","1 night or over","Croatia","3,757,674",""
"2016","All countries of the world","Number","Personal reasons","1 night or over","Slovenia","4,055,686",""
"2016","All countries of the world","Number","Personal reasons","From 1 to 3 nights","Croatia","1,959,133",""
"2016","All countries of the world","Number","Personal reasons","From 1 to 3 nights","Slovenia","2,322,693",""
"2016","All countries of the world","Number","Personal reasons","4 nights or over","Croatia","1,798,542",""
"2016","All countries of the world","Number","Personal reasons","4 nights or over","Slovenia","1,732,994",""
"2016","All countries of the world","Number","Professional, business","1 night or over","Croatia","783,594",""
"2016","All countries of the world","Number","Professional, business","1 night or over","Slovenia","517,326",""
"2016","All countries of the world","Number","Professional, business","From 1 to 3 nights","Croatia","555,104",""
"2016","All countries of the world","Number","Professional, business","From 1 to 3 nights","Slovenia","349,948",""
"2016","All countries of the world","Number","Professional, business","4 nights or over","Croatia","228,490",""
"2016","All countries of the world","Number","Professional, business","4 nights or over","Slovenia","167,378",""
"2017","Europe","Number","Total","1 night or over","Croatia","4,834,061",""
"2017","Europe","Number","Total","1 night or over","Slovenia","4,749,432",""
"2017","Europe","Number","Total","From 1 to 3 nights","Croatia","2,460,487",""
"2017","Europe","Number","Total","From 1 to 3 nights","Slovenia","3,104,025",""
"2017","Europe","Number","Total","4 nights or over","Croatia","2,373,574",""
"2017","Europe","Number","Total","4 nights or over","Slovenia","1,645,407",""
"2017","Europe","Number","Personal reasons","1 night or over","Croatia","4,018,072",""
"2017","Europe","Number","Personal reasons","1 night or over","Slovenia","4,226,487",""
"2017","Europe","Number","Personal reasons","From 1 to 3 nights","Croatia","1,986,484",""
"2017","Europe","Number","Personal reasons","From 1 to 3 nights","Slovenia","2,693,797",""
"2017","Europe","Number","Personal reasons","4 nights or over","Croatia","2,031,588",""
"2017","Europe","Number","Personal reasons","4 nights or over","Slovenia","1,532,690",""
"2017","Europe","Number","Professional, business","1 night or over","Croatia","815,989",""
"2017","Europe","Number","Professional, business","1 night or over","Slovenia","522,945",""
"2017","Europe","Number","Professional, business","From 1 to 3 nights","Croatia","474,003",""
"2017","Europe","Number","Professional, business","From 1 to 3 nights","Slovenia","410,228",""
"2017","Europe","Number","Professional, business","4 nights or over","Croatia","341,985",""
"2017","Europe","Number","Professional, business","4 nights or over","Slovenia","112,717",""
"2017","Germany (until 1990 former territory of the FRG)","Number","Total","1 night or over","Croatia","210,815",""
"2017","Germany (until 1990 former territory of the FRG)","Number","Total","1 night or over","Slovenia","168,340",""
"2017","Germany (until 1990 former territory of the FRG)","Number","Total","From 1 to 3 nights","Croatia","59,861","u"
"2017","Germany (until 1990 former territory of the FRG)","Number","Total","From 1 to 3 nights","Slovenia","114,530",""
"2017","Germany (until 1990 former territory of the FRG)","Number","Total","4 nights or over","Croatia","150,955",""
"2017","Germany (until 1990 former territory of the FRG)","Number","Total","4 nights or over","Slovenia","53,811","u"
"2017","Germany (until 1990 former territory of the FRG)","Number","Personal reasons","1 night or over","Croatia","163,318",""
"2017","Germany (until 1990 former territory of the FRG)","Number","Personal reasons","1 night or over","Slovenia","68,425","u"
"2017","Germany (until 1990 former territory of the FRG)","Number","Personal reasons","From 1 to 3 nights","Croatia","41,622","u"
"2017","Germany (until 1990 former territory of the FRG)","Number","Personal reasons","From 1 to 3 nights","Slovenia","36,865","u"
"2017","Germany (until 1990 former territory of the FRG)","Number","Personal reasons","4 nights or over","Croatia","121,696",""
"2017","Germany (until 1990 former territory of the FRG)","Number","Personal reasons","4 nights or over","Slovenia",":","c"
"2017","Germany (until 1990 former territory of the FRG)","Number","Professional, business","1 night or over","Croatia","47,497","u"
"2017","Germany (until 1990 former territory of the FRG)","Number","Professional, business","1 night or over","Slovenia","99,915",""
"2017","Germany (until 1990 former territory of the FRG)","Number","Professional, business","From 1 to 3 nights","Croatia",":","u"
"2017","Germany (until 1990 former territory of the FRG)","Number","Professional, business","From 1 to 3 nights","Slovenia","77,665",""
"2017","Germany (until 1990 former territory of the FRG)","Number","Professional, business","4 nights or over","Croatia",":","u"
"2017","Germany (until 1990 former territory of the FRG)","Number","Professional, business","4 nights or over","Slovenia",":","c"
"2017","Croatia","Number","Total","1 night or over","Croatia","2,976,420",""
"2017","Croatia","Number","Total","1 night or over","Slovenia","1,680,257",""
"2017","Croatia","Number","Total","From 1 to 3 nights","Croatia","1,467,251",""
"2017","Croatia","Number","Total","From 1 to 3 nights","Slovenia","862,777",""
"2017","Croatia","Number","Total","4 nights or over","Croatia","1,509,169",""
"2017","Croatia","Number","Total","4 nights or over","Slovenia","817,480",""
"2017","Croatia","Number","Personal reasons","1 night or over","Croatia","2,552,192",""
"2017","Croatia","Number","Personal reasons","1 night or over","Slovenia","1,637,102",""
"2017","Croatia","Number","Personal reasons","From 1 to 3 nights","Croatia","1,232,553",""
"2017","Croatia","Number","Personal reasons","From 1 to 3 nights","Slovenia","831,935",""
"2017","Croatia","Number","Personal reasons","4 nights or over","Croatia","1,319,639",""
"2017","Croatia","Number","Personal reasons","4 nights or over","Slovenia","805,167",""
"2017","Croatia","Number","Professional, business","1 night or over","Croatia","424,228",""
"2017","Croatia","Number","Professional, business","1 night or over","Slovenia","43,155","u"
"2017","Croatia","Number","Professional, business","From 1 to 3 nights","Croatia","234,698",""
"2017","Croatia","Number","Professional, business","From 1 to 3 nights","Slovenia",":","c"
"2017","Croatia","Number","Professional, business","4 nights or over","Croatia","189,530",""
"2017","Croatia","Number","Professional, business","4 nights or over","Slovenia",":","c"
"2017","Italy","Number","Total","1 night or over","Croatia","209,620",""
"2017","Italy","Number","Total","1 night or over","Slovenia","207,630",""
"2017","Italy","Number","Total","From 1 to 3 nights","Croatia","144,584",""
"2017","Italy","Number","Total","From 1 to 3 nights","Slovenia","110,222",""
"2017","Italy","Number","Total","4 nights or over","Croatia","65,037",""
"2017","Italy","Number","Total","4 nights or over","Slovenia","97,408",""
"2017","Italy","Number","Personal reasons","1 night or over","Croatia","174,633",""
"2017","Italy","Number","Personal reasons","1 night or over","Slovenia","170,954",""
"2017","Italy","Number","Personal reasons","From 1 to 3 nights","Croatia","118,780",""
"2017","Italy","Number","Personal reasons","From 1 to 3 nights","Slovenia","83,531",""
"2017","Italy","Number","Personal reasons","4 nights or over","Croatia","55,853",""
"2017","Italy","Number","Personal reasons","4 nights or over","Slovenia","87,424",""
"2017","Italy","Number","Professional, business","1 night or over","Croatia","34,987","u"
"2017","Italy","Number","Professional, business","1 night or over","Slovenia","36,676","u"
"2017","Italy","Number","Professional, business","From 1 to 3 nights","Croatia",":","u"
"2017","Italy","Number","Professional, business","From 1 to 3 nights","Slovenia",":","c"
"2017","Italy","Number","Professional, business","4 nights or over","Croatia",":","u"
"2017","Italy","Number","Professional, business","4 nights or over","Slovenia",":","c"
"2017","Slovenia","Number","Total","1 night or over","Croatia","165,612",""
"2017","Slovenia","Number","Total","1 night or over","Slovenia","1,812,820",""
"2017","Slovenia","Number","Total","From 1 to 3 nights","Croatia","132,611",""
"2017","Slovenia","Number","Total","From 1 to 3 nights","Slovenia","1,501,042",""
"2017","Slovenia","Number","Total","4 nights or over","Croatia","33,001","u"
"2017","Slovenia","Number","Total","4 nights or over","Slovenia","311,778",""
"2017","Slovenia","Number","Personal reasons","1 night or over","Croatia","144,268",""
"2017","Slovenia","Number","Personal reasons","1 night or over","Slovenia","1,720,582",""
"2017","Slovenia","Number","Personal reasons","From 1 to 3 nights","Croatia","114,082",""
"2017","Slovenia","Number","Personal reasons","From 1 to 3 nights","Slovenia","1,416,660",""
"2017","Slovenia","Number","Personal reasons","4 nights or over","Croatia","30,186","u"
"2017","Slovenia","Number","Personal reasons","4 nights or over","Slovenia","303,922",""
"2017","Slovenia","Number","Professional, business","1 night or over","Croatia",":","u"
"2017","Slovenia","Number","Professional, business","1 night or over","Slovenia","92,238",""
"2017","Slovenia","Number","Professional, business","From 1 to 3 nights","Croatia",":","u"
"2017","Slovenia","Number","Professional, business","From 1 to 3 nights","Slovenia","84,381",""
"2017","Slovenia","Number","Professional, business","4 nights or over","Croatia",":","u"
"2017","Slovenia","Number","Professional, business","4 nights or over","Slovenia",":","c"
"2017","All countries of the world","Number","Total","1 night or over","Croatia","4,899,777",""
"2017","All countries of the world","Number","Total","1 night or over","Slovenia","4,825,399",""
"2017","All countries of the world","Number","Total","From 1 to 3 nights","Croatia","2,465,590",""
"2017","All countries of the world","Number","Total","From 1 to 3 nights","Slovenia","3,105,339",""
"2017","All countries of the world","Number","Total","4 nights or over","Croatia","2,434,187",""
"2017","All countries of the world","Number","Total","4 nights or over","Slovenia","1,720,060",""
"2017","All countries of the world","Number","Personal reasons","1 night or over","Croatia","4,057,749",""
"2017","All countries of the world","Number","Personal reasons","1 night or over","Slovenia","4,288,161",""
"2017","All countries of the world","Number","Personal reasons","From 1 to 3 nights","Croatia","1,991,587",""
"2017","All countries of the world","Number","Personal reasons","From 1 to 3 nights","Slovenia","2,693,797",""
"2017","All countries of the world","Number","Personal reasons","4 nights or over","Croatia","2,066,163",""
"2017","All countries of the world","Number","Personal reasons","4 nights or over","Slovenia","1,594,365",""
"2017","All countries of the world","Number","Professional, business","1 night or over","Croatia","842,028",""
"2017","All countries of the world","Number","Professional, business","1 night or over","Slovenia","537,237",""
"2017","All countries of the world","Number","Professional, business","From 1 to 3 nights","Croatia","474,003",""
"2017","All countries of the world","Number","Professional, business","From 1 to 3 nights","Slovenia","411,543",""
"2017","All countries of the world","Number","Professional, business","4 nights or over","Croatia","368,025",""
"2017","All countries of the world","Number","Professional, business","4 nights or over","Slovenia","125,695",""
"2018","Europe","Number","Total","1 night or over","Croatia","5,168,188",""
"2018","Europe","Number","Total","1 night or over","Slovenia","5,093,047",""
"2018","Europe","Number","Total","From 1 to 3 nights","Croatia","2,748,937",""
"2018","Europe","Number","Total","From 1 to 3 nights","Slovenia","3,201,663",""
"2018","Europe","Number","Total","4 nights or over","Croatia","2,419,252",""
"2018","Europe","Number","Total","4 nights or over","Slovenia","1,891,384",""
"2018","Europe","Number","Personal reasons","1 night or over","Croatia","4,277,954",""
"2018","Europe","Number","Personal reasons","1 night or over","Slovenia","4,489,535",""
"2018","Europe","Number","Personal reasons","From 1 to 3 nights","Croatia","2,186,824",""
"2018","Europe","Number","Personal reasons","From 1 to 3 nights","Slovenia","2,752,937",""
"2018","Europe","Number","Personal reasons","4 nights or over","Croatia","2,091,130",""
"2018","Europe","Number","Personal reasons","4 nights or over","Slovenia","1,736,599",""
"2018","Europe","Number","Professional, business","1 night or over","Croatia","890,234",""
"2018","Europe","Number","Professional, business","1 night or over","Slovenia","603,512",""
"2018","Europe","Number","Professional, business","From 1 to 3 nights","Croatia","562,113",""
"2018","Europe","Number","Professional, business","From 1 to 3 nights","Slovenia","448,727",""
"2018","Europe","Number","Professional, business","4 nights or over","Croatia","328,122",""
"2018","Europe","Number","Professional, business","4 nights or over","Slovenia","154,785",""
"2018","Germany (until 1990 former territory of the FRG)","Number","Total","1 night or over","Croatia","326,040",""
"2018","Germany (until 1990 former territory of the FRG)","Number","Total","1 night or over","Slovenia","191,351",""
"2018","Germany (until 1990 former territory of the FRG)","Number","Total","From 1 to 3 nights","Croatia","113,592",""
"2018","Germany (until 1990 former territory of the FRG)","Number","Total","From 1 to 3 nights","Slovenia","123,416",""
"2018","Germany (until 1990 former territory of the FRG)","Number","Total","4 nights or over","Croatia","212,448",""
"2018","Germany (until 1990 former territory of the FRG)","Number","Total","4 nights or over","Slovenia","67,935","u"
"2018","Germany (until 1990 former territory of the FRG)","Number","Personal reasons","1 night or over","Croatia","207,510",""
"2018","Germany (until 1990 former territory of the FRG)","Number","Personal reasons","1 night or over","Slovenia","79,850",""
"2018","Germany (until 1990 former territory of the FRG)","Number","Personal reasons","From 1 to 3 nights","Croatia","61,231","u"
"2018","Germany (until 1990 former territory of the FRG)","Number","Personal reasons","From 1 to 3 nights","Slovenia","42,855","u"
"2018","Germany (until 1990 former territory of the FRG)","Number","Personal reasons","4 nights or over","Croatia","146,279",""
"2018","Germany (until 1990 former territory of the FRG)","Number","Personal reasons","4 nights or over","Slovenia","36,995","u"
"2018","Germany (until 1990 former territory of the FRG)","Number","Professional, business","1 night or over","Croatia","118,530",""
"2018","Germany (until 1990 former territory of the FRG)","Number","Professional, business","1 night or over","Slovenia","111,501",""
"2018","Germany (until 1990 former territory of the FRG)","Number","Professional, business","From 1 to 3 nights","Croatia","52,361","u"
"2018","Germany (until 1990 former territory of the FRG)","Number","Professional, business","From 1 to 3 nights","Slovenia","80,561",""
"2018","Germany (until 1990 former territory of the FRG)","Number","Professional, business","4 nights or over","Croatia","66,169","u"
"2018","Germany (until 1990 former territory of the FRG)","Number","Professional, business","4 nights or over","Slovenia",":","c"
"2018","Croatia","Number","Total","1 night or over","Croatia","3,197,253",""
"2018","Croatia","Number","Total","1 night or over","Slovenia","1,731,687",""
"2018","Croatia","Number","Total","From 1 to 3 nights","Croatia","1,676,546",""
"2018","Croatia","Number","Total","From 1 to 3 nights","Slovenia","807,683",""
"2018","Croatia","Number","Total","4 nights or over","Croatia","1,520,707",""
"2018","Croatia","Number","Total","4 nights or over","Slovenia","924,005",""
"2018","Croatia","Number","Personal reasons","1 night or over","Croatia","2,773,051",""
"2018","Croatia","Number","Personal reasons","1 night or over","Slovenia","1,649,819",""
"2018","Croatia","Number","Personal reasons","From 1 to 3 nights","Croatia","1,381,835",""
"2018","Croatia","Number","Personal reasons","From 1 to 3 nights","Slovenia","738,619",""
"2018","Croatia","Number","Personal reasons","4 nights or over","Croatia","1,391,216",""
"2018","Croatia","Number","Personal reasons","4 nights or over","Slovenia","911,200",""
"2018","Croatia","Number","Professional, business","1 night or over","Croatia","424,201",""
"2018","Croatia","Number","Professional, business","1 night or over","Slovenia","81,868",""
"2018","Croatia","Number","Professional, business","From 1 to 3 nights","Croatia","294,710",""
"2018","Croatia","Number","Professional, business","From 1 to 3 nights","Slovenia","69,063","u"
"2018","Croatia","Number","Professional, business","4 nights or over","Croatia","129,491",""
"2018","Croatia","Number","Professional, business","4 nights or over","Slovenia",":","c"
"2018","Italy","Number","Total","1 night or over","Croatia","212,650",""
"2018","Italy","Number","Total","1 night or over","Slovenia","236,103",""
"2018","Italy","Number","Total","From 1 to 3 nights","Croatia","108,731",""
"2018","Italy","Number","Total","From 1 to 3 nights","Slovenia","134,797",""
"2018","Italy","Number","Total","4 nights or over","Croatia","103,919",""
"2018","Italy","Number","Total","4 nights or over","Slovenia","101,306",""
"2018","Italy","Number","Personal reasons","1 night or over","Croatia","143,483",""
"2018","Italy","Number","Personal reasons","1 night or over","Slovenia","175,842",""
"2018","Italy","Number","Personal reasons","From 1 to 3 nights","Croatia","75,325",""
"2018","Italy","Number","Personal reasons","From 1 to 3 nights","Slovenia","85,285",""
"2018","Italy","Number","Personal reasons","4 nights or over","Croatia","68,157",""
"2018","Italy","Number","Personal reasons","4 nights or over","Slovenia","90,558",""
"2018","Italy","Number","Professional, business","1 night or over","Croatia","69,168","u"
"2018","Italy","Number","Professional, business","1 night or over","Slovenia","60,261","u"
"2018","Italy","Number","Professional, business","From 1 to 3 nights","Croatia","33,406","u"
"2018","Italy","Number","Professional, business","From 1 to 3 nights","Slovenia","49,512","u"
"2018","Italy","Number","Professional, business","4 nights or over","Croatia",":","c"
"2018","Italy","Number","Professional, business","4 nights or over","Slovenia",":","c"
"2018","Slovenia","Number","Total","1 night or over","Croatia","170,972",""
"2018","Slovenia","Number","Total","1 night or over","Slovenia","2,003,138",""
"2018","Slovenia","Number","Total","From 1 to 3 nights","Croatia","143,374",""
"2018","Slovenia","Number","Total","From 1 to 3 nights","Slovenia","1,663,965",""
"2018","Slovenia","Number","Total","4 nights or over","Croatia","27,598","u"
"2018","Slovenia","Number","Total","4 nights or over","Slovenia","339,172",""
"2018","Slovenia","Number","Personal reasons","1 night or over","Croatia","149,169",""
"2018","Slovenia","Number","Personal reasons","1 night or over","Slovenia","1,878,491",""
"2018","Slovenia","Number","Personal reasons","From 1 to 3 nights","Croatia","126,403",""
"2018","Slovenia","Number","Personal reasons","From 1 to 3 nights","Slovenia","1,560,193",""
"2018","Slovenia","Number","Personal reasons","4 nights or over","Croatia","22,766","u"
"2018","Slovenia","Number","Personal reasons","4 nights or over","Slovenia","318,298",""
"2018","Slovenia","Number","Professional, business","1 night or over","Croatia",":","c"
"2018","Slovenia","Number","Professional, business","1 night or over","Slovenia","124,647",""
"2018","Slovenia","Number","Professional, business","From 1 to 3 nights","Croatia",":","c"
"2018","Slovenia","Number","Professional, business","From 1 to 3 nights","Slovenia","103,772",""
"2018","Slovenia","Number","Professional, business","4 nights or over","Croatia",":","c"
"2018","Slovenia","Number","Professional, business","4 nights or over","Slovenia",":","c"
"2018","All countries of the world","Number","Total","1 night or over","Croatia","5,255,123",""
"2018","All countries of the world","Number","Total","1 night or over","Slovenia","5,190,839",""
"2018","All countries of the world","Number","Total","From 1 to 3 nights","Croatia","2,753,939",""
"2018","All countries of the world","Number","Total","From 1 to 3 nights","Slovenia","3,202,814",""
"2018","All countries of the world","Number","Total","4 nights or over","Croatia","2,501,184",""
"2018","All countries of the world","Number","Total","4 nights or over","Slovenia","1,988,025",""
"2018","All countries of the world","Number","Personal reasons","1 night or over","Croatia","4,331,636",""
"2018","All countries of the world","Number","Personal reasons","1 night or over","Slovenia","4,575,093",""
"2018","All countries of the world","Number","Personal reasons","From 1 to 3 nights","Croatia","2,191,826",""
"2018","All countries of the world","Number","Personal reasons","From 1 to 3 nights","Slovenia","2,754,087",""
"2018","All countries of the world","Number","Personal reasons","4 nights or over","Croatia","2,139,810",""
"2018","All countries of the world","Number","Personal reasons","4 nights or over","Slovenia","1,821,005",""
"2018","All countries of the world","Number","Professional, business","1 night or over","Croatia","923,487",""
"2018","All countries of the world","Number","Professional, business","1 night or over","Slovenia","615,746",""
"2018","All countries of the world","Number","Professional, business","From 1 to 3 nights","Croatia","562,113",""
"2018","All countries of the world","Number","Professional, business","From 1 to 3 nights","Slovenia","448,727",""
"2018","All countries of the world","Number","Professional, business","4 nights or over","Croatia","361,374",""
"2018","All countries of the world","Number","Professional, business","4 nights or over","Slovenia","167,019",""
